File_Name,Year
,
01.txt,1937
02.txt,1939
03.txt,1939
04.txt,1942
05.txt,1943
06.txt,1944
07.txt,1944
08.txt,1945
09.txt,1948
10.txt,1950
11.txt,1952
12.txt,1952
13.txt,1952
14.txt,1952
15.txt,1952
16.txt,1952
17.txt,1951
18.txt,1951
19.txt,1951
20.txt,1952
21.txt,1951
22.txt,1952
23.txt,1952
24.txt,1952
25.txt,1952
26.txt,1952
27.txt,1952
28.txt,1952
29.txt,1952
30.txt,1952
31.txt,1952
32.txt,1953
33.txt,1953
34.txt,1952
35.txt,1952
36.txt,1952
37.txt,1952
38.txt,1952
39.txt,1952
40.txt,1952
41.txt,1953
42.txt,1952
43.txt,1952
44.txt,1952
45.txt,1952
46.txt,1951
47.txt,1951
48.txt,1952
49.txt,1952
50.txt,1952
51.txt,1953
52.txt,1953
53.txt,1952
54.txt,1952
55.txt,1952
56.txt,1952
57.txt,1952
58.txt,1953
59.txt,1953
60.txt,1953
61.txt,1953
62.txt,1953
63.txt,1953
64.txt,1953
65.txt,1953
66.txt,1953
67.txt,1951
68.txt,1952
69.txt,1953
70.txt,1952
71.txt,1953
72.txt,1952
73.txt,1953
74.txt,1953
75.txt,1952
76.txt,1953
77.txt,1952
78.txt,1953
79.txt,1953
80.txt,1952
81.txt,1952
82.txt,1952
83.txt,1953
84.txt,1953
85.txt,1953
86.txt,1952
87.txt,1952
88.txt,1952
89.txt,1953
90.txt,1952
91.txt,1953
92.txt,1952
93.txt,1953
94.txt,1952
95.txt,1953
96.txt,1952
97.txt,1952
98.txt,1952
99.txt,1952
100.txt,1952
101.txt,1952
102.txt,1953
103.txt,1953
104.txt,1953
105.txt,1953
106.txt,1953
107.txt,1953
108.txt,1953
109.txt,1953
110.txt,1953
111.txt,1953
112.txt,1953
113.txt,1953
114.txt,1953
115.txt,1953
116.txt,1953
117.txt,1953
118.txt,1953
119.txt,1953
120.txt,1953
121.txt,1953
122.txt,1953
123.txt,1953
124.txt,1953
125.txt,1953
126.txt,1953
127.txt,1953
128.txt,1954
129.txt,1954
130.txt,1954
131.txt,1954
132.txt,1954
133.txt,1954
134.txt,1954
135.txt,1954
136.txt,1954
137.txt,1954
138.txt,1954
139.txt,1954
140.txt,1954
141.txt,1954
142.txt,1954
143.txt,1954
144.txt,1954
145.txt,1954
146.txt,1954
147.txt,1954
148.txt,1954
149.txt,1954
150.txt,1954
151.txt,1955
152.txt,1955
153.txt,1955
154.txt,1955
155.txt,1955
156.txt,1955
157.txt,1955
158.txt,1955
159.txt,1955
160.txt,1955
161.txt,1955
162.txt,1955
163.txt,1955
164.txt,1955
165.txt,1955
166.txt,1955
167.txt,1955
168.txt,1955
169.txt,1955
170.txt,1955
171.txt,1955
172.txt,1955
173.txt,1955
174.txt,1955
175.txt,1955
176.txt,1955
177.txt,1955
178.txt,1955
179.txt,1955
180.txt,1955
181.txt,1955
182.txt,1955
183.txt,1955
184.txt,1955
185.txt,1955
186.txt,1955
187.txt,1955
188.txt,1955
189.txt,1955
190.txt,1955
191.txt,1955
192.txt,1955
193.txt,1955
194.txt,1955
195.txt,1955
196.txt,1955
197.txt,1955
198.txt,1955
199.txt,1955
200.txt,1955
201.txt,1955
202.txt,1956
203.txt,1956
204.txt,1956
205.txt,1956
206.txt,1956
207.txt,1956
208.txt,1956
209.txt,1956
210.txt,1956
211.txt,1956
212.txt,1956
213.txt,1956
214.txt,1956
215.txt,1956
216.txt,1956
217.txt,1956
218.txt,1956
219.txt,1956
220.txt,1956
221.txt,1956
222.txt,1956
223.txt,1956
224.txt,1956
225.txt,1956
226.txt,1956
227.txt,1956
228.txt,1956
229.txt,1956
230.txt,1956
231.txt,1956
232.txt,1956
233.txt,1956
234.txt,1956
235.txt,1956
236.txt,1956
237.txt,1956
238.txt,1956
239.txt,1956
240.txt,1956
241.txt,1956
242.txt,1956
243.txt,1956
244.txt,1956
245.txt,1956
246.txt,1956
247.txt,1956
248.txt,1956
264.txt,1957
249.txt,1957
250.txt,1957
251.txt,1957
252.txt,1957
253.txt,1957
254.txt,1957
255.txt,1957
256.txt,1957
257.txt,1957
258.txt,1957
259.txt,1957
260.txt,1957
261.txt,1957
262.txt,1957
263.txt,1957
265.txt,1957
266.txt,1957
267.txt,1957
268.txt,1957
269.txt,1957
270.txt,1957
271.txt,1957
272.txt,1957
273.txt,1957
274.txt,1957
275.txt,1957
276.txt,1957
277.txt,1957
278.txt,1957
279.txt,1957
280.txt,1957
281.txt,1957
282.txt,1957
283.txt,1957
284.txt,1957
285.txt,1957
286.txt,1957
287.txt,1957
288.txt,1957
289.txt,1957
290.txt,1957
291.txt,1957
292.txt,1957
293.txt,1957
294.txt,1957
295.txt,1957
296.txt,1957
297.txt,1957
298.txt,1957
316.txt,1958
299.txt,1958
300.txt,1958
301.txt,1958
302.txt,1958
303.txt,1958
304.txt,1958
305.txt,1958
306.txt,1958
307.txt,1958
308.txt,1958
309.txt,1958
310.txt,1958
311.txt,1958
312.txt,1958
313.txt,1958
315.txt,1958
316.txt,1958
317.txt,1959
318.txt,1959
320.txt,1959
321.txt,1959
322.txt,1959
323.txt,1959
324.txt,1959
325.txt,1959
326.txt,1959
327.txt,1959
328.txt,1959
329.txt,1959
330.txt,1959
331.txt,1959
332.txt,1959
333.txt,1959
334.txt,1959
335.txt,1959
336.txt,1959
337.txt,1959
338.txt,1959
340.txt,1959
341.txt,1959
342.txt,1959
343.txt,1959
344.txt,1959
345.txt,1959
346.txt,1959
347.txt,1959
348.txt,1959
349.txt,1959
350.txt,1959
351.txt,1959
352.txt,1959
353.txt,1959
354.txt,1959
355.txt,1959
356.txt,1959
357.txt,1959
358.txt,1959
359.txt,1959
360.txt,1959
361.txt,1959
362.txt,1959
363.txt,1959
364.txt,1959
365.txt,1959
366.txt,1959
367.txt,1959
368.txt,1959
369.txt,1959
370.txt,1959
371.txt,1959
372.txt,1959
373.txt,1959
374.txt,1959
375.txt,1959
376.txt,1959
377.txt,1959
378.txt,1959
379.txt,1959
380.txt,1959
381.txt,1959
382.txt,1959
383.txt,1959
384.txt,1958
385.txt,1958
386.txt,1958
387.txt,1958
388.txt,1959
389.txt,1959
390.txt,1959
391.txt,1959
392.txt,1959
393.txt,1959
394.txt,1959
395.txt,1959
396.txt,1959
397.txt,1959
398.txt,1959
399.txt,1959
400.txt,1959
401.txt,1959
402.txt,1959
403.txt,1959
404.txt,1959
405.txt,1959
406.txt,1959
407.txt,1959
408.txt,1959
409.txt,1959
410.txt,1959
411.txt,1959
412.txt,1959
413.txt,1959
414.txt,1959
415.txt,1959
416.txt,1959
417.txt,1960
418.txt,1960
419.txt,1960
420.txt,1960
421.txt,1960
422.txt,1960
423.txt,1960
424.txt,1960
425.txt,1960
426.txt,1960
427.txt,1960
428.txt,1960
430.txt,1960
431.txt,1960
432.txt,1960
433.txt,1960
434.txt,1960
435.txt,1960
436.txt,1960
437.txt,1960
438.txt,1960
439.txt,1960
440.txt,1960
441.txt,1960
442.txt,1960
443.txt,1960
444.txt,1960
445.txt,1960
446.txt,1960
447.txt,1960
448.txt,1960
449.txt,1960
450.txt,1960
451.txt,1960
452.txt,1960
453.txt,1960
454.txt,1960
455.txt,1960
456.txt,1960
457.txt,1960
458.txt,1960
459.txt,1960
460.txt,1960
461.txt,1960
462.txt,1960
463.txt,1960
464.txt,1960
465.txt,1960
466.txt,1960
467.txt,1960
468.txt,1960
469.txt,1960
470.txt,1960
471.txt,1960
472.txt,1960
473.txt,1960
474.txt,1960
475.txt,1960
476.txt,1960
477.txt,1960
478.txt,1960
479.txt,1960
480.txt,1960
481.txt,1960
482.txt,1960
483.txt,1960
484.txt,1960
485.txt,1960
486.txt,1960
487.txt,1960
488.txt,1960
489.txt,1960
490.txt,1960
491.txt,1960
492.txt,1960
493.txt,1960
494.txt,1960
495.txt,1960
496.txt,1960
497.txt,1960
498.txt,1960
499.txt,1960
500.txt,1960
501.txt,1960
502.txt,1960
503.txt,1960
504.txt,1960
505.txt,1960
506.txt,1960
507.txt,1960
508.txt,1960
509.txt,1960
510.txt,1960
511.txt,1960
512.txt,1960
513.txt,1960
514.txt,1960
515.txt,1960
516.txt,1960
517.txt,1960
518.txt,1960
519.txt,1960
520.txt,1960
521.txt,1960
522.txt,1960
523.txt,1960
524.txt,1961
525.txt,1961
526.txt,1961
527.txt,1961
528.txt,1961
529.txt,1961
530.txt,1961
531.txt,1961
532.txt,1961
533.txt,1961
534.txt,1961
535.txt,1961
536.txt,1961
537.txt,1961
538.txt,1961
539.txt,1961
540.txt,1961
541.txt,1961
542.txt,1961
543.txt,1961
545.txt,1961
546.txt,1961
547.txt,1961
548.txt,1961
549.txt,1961
550.txt,1961